word	lexicon
plus	verne_80
tout	verne_80
qu'il	verne_80
bien	verne_80
si	verne_80
comme	verne_80
deux	verne_80
quelques	verne_80
d'un	verne_80
c'est	verne_80
après	verne_80
c'était	verne_80
là	verne_80
dont	verne_80
donc	verne_80
où	verne_80
ni	verne_80
quand	verne_80
encore	verne_80
d'une	verne_80
pendant	verne_80
peu	verne_80
non	verne_80
aussi	verne_80
vers	verne_80
fit	verne_80
entre	verne_80
rien	verne_80
a	verne_80
moins	verne_80
puis	verne_80
tous	verne_80
toute	verne_80
très	verne_80
sous	verne_80
n'était	verne_80
peut	verne_80
au	snowball
aux	snowball
avec	snowball
ce	snowball
ces	snowball
dans	snowball
de	snowball
des	snowball
du	snowball
elle	snowball
en	snowball
et	snowball
eux	snowball
il	snowball
je	snowball
la	snowball
le	snowball
leur	snowball
lui	snowball
ma	snowball
mais	snowball
me	snowball
même	snowball
mes	snowball
moi	snowball
mon	snowball
ne	snowball
nos	snowball
notre	snowball
nous	snowball
on	snowball
ou	snowball
par	snowball
pas	snowball
pour	snowball
qu	snowball
que	snowball
qui	snowball
sa	snowball
se	snowball
ses	snowball
son	snowball
sur	snowball
ta	snowball
te	snowball
tes	snowball
toi	snowball
ton	snowball
tu	snowball
un	snowball
une	snowball
vos	snowball
votre	snowball
vous	snowball
c	snowball
d	snowball
j	snowball
l	snowball
à	snowball
m	snowball
n	snowball
s	snowball
t	snowball
y	snowball
été	snowball
étée	snowball
étées	snowball
étés	snowball
étant	snowball
suis	snowball
es	snowball
est	snowball
sommes	snowball
êtes	snowball
sont	snowball
serai	snowball
seras	snowball
sera	snowball
serons	snowball
serez	snowball
seront	snowball
serais	snowball
serait	snowball
serions	snowball
seriez	snowball
seraient	snowball
étais	snowball
était	snowball
étions	snowball
étiez	snowball
étaient	snowball
fus	snowball
fut	snowball
fûmes	snowball
fûtes	snowball
furent	snowball
sois	snowball
soit	snowball
soyons	snowball
soyez	snowball
soient	snowball
fusse	snowball
fusses	snowball
fût	snowball
fussions	snowball
fussiez	snowball
fussent	snowball
ayant	snowball
eu	snowball
eue	snowball
eues	snowball
eus	snowball
ai	snowball
as	snowball
avons	snowball
avez	snowball
ont	snowball
aurai	snowball
auras	snowball
aura	snowball
aurons	snowball
aurez	snowball
auront	snowball
aurais	snowball
aurait	snowball
aurions	snowball
auriez	snowball
auraient	snowball
avais	snowball
avait	snowball
avions	snowball
aviez	snowball
avaient	snowball
eut	snowball
eûmes	snowball
eûtes	snowball
eurent	snowball
aie	snowball
aies	snowball
ait	snowball
ayons	snowball
ayez	snowball
aient	snowball
eusse	snowball
eusses	snowball
eût	snowball
eussions	snowball
eussiez	snowball
eussent	snowball
ceci	snowball
cela	snowball
celà	snowball
cet	snowball
cette	snowball
ici	snowball
ils	snowball
les	snowball
leurs	snowball
quel	snowball
quels	snowball
quelle	snowball
quelles	snowball
sans	snowball
soi	snowball
